Timestamp~1. Φύλο~2. Ηλικιακή Ομάδα~3. Επίπεδο Εκπαίδευσης~"4. Εργάζεστε, ως ""White-Collar Worker"" (Εργαζόμενος γραφείου/πνευματική εργασία), σε εναν εργοδότη ή παραπάνω από έναν;"~5. Κλάδος Απασχόλησης~6. Ιεραρχικό Επίπεδο Θέσης~7. Μέγεθος Εταιρείας~8. Συνολική Εργασιακή Εμπειρία (σε έτη)~9. Χρόνος Παραμονής στον Τρέχοντα Εργοδότη~10. Πόσο ικανοποιημένος/η είστε από την τρέχουσα εργασία σας;~11. Πόσο ικανοποιημένος/η είστε από τις τρέχουσες οικονομικές απολαβές σας;~12. Ποιο είναι το μέγιστο διάστημα που θεωρείτε ιδανικό για παραμονή σε έναν εργοδότη;~13. Πόσο συχνά ενημερώνετε το επαγγελματικό σας προφίλ (π.χ. LinkedIn) ή παρακολουθείτε αγγελίες εργασίας;~14. Πόσο συχνά σκέφτεστε να αλλάξετε εργοδότη;~"15. Γνωρίζετε τον όρο ""Job Hopping"";"~16. Πόσο πιστεύετε ότι ωφελεί τον εργαζόμενο η συγκεκριμένη πρακτική;~17. Έχετε εφαρμόσει ποτέ τη συγκεκριμένη πρακτική;~18. Επιθυμείτε να αλλάξετε εργοδότη στην παρούσα χρονική στιγμή;~19. Πόσους εργοδότες έχετε αλλάξει κατά την τελευταία 5ετία;~20. Αισθάνεστε ότι η προσπάθειά σας ανταμείβεται δίκαια (οικονομικά ή ηθικά);~21. Πόσο συχνά νιώθετε ότι καταβάλλετε την ελάχιστη δυνατή προσπάθεια απλώς για να διατηρήσετε τη θέση σας;~22. Έχετε σκεφτεί να αλλάξετε εργοδότη τους τελευταίους 3 μήνες, αλλά κρίνατε ότι δεν σας συνέφερε να αποχωρήσετε άμεσα;~23. Έχετε εφαρμόσει ποτέ το Quiet Quitting;~24. Πόσο πιστεύετε ότι ωφελεί τον εργαζόμενο (π.χ. σε θέματα ψυχικής υγείας, οικονομικά) η συγκεκριμένη πρακτική;~25. Ποιο μοντέλο εργασίας εφαρμόζετε αυτή τη στιγμή;~26. Ποιο μοντέλο εργασίας θα προτιμούσατε αν είχατε την επιλογή;~27. Πόσο συχνά εργάζεστε εκτός του συμβατικού σας ωραρίου (μέρες τον χρόνο);~28. Πόσο συχνά νιώθετε συναισθηματική εξάντληση στο τέλος της εργάσιμης ημέρας;~29. Τι επίπεδα εργασιακού άγχους (stress) βιώνετε στην καθημερινότητά σας;~30. Πόσο πιστεύετε ότι το επίπεδο άγχους σας συνδέεται με το μοντέλο εργασίας που ακολουθείτε;~31. Θεωρείτε ότι ο εργοδότης σας ενδιαφέρεται έμπρακτα για την ευεξία σας;~32. Στην παρούσα φάση, πόσο ψηλά ιεραρχείτε την εργασία σε σχέση με την προσωπική σας ζωή;~33. Πόσο πιθανό θεωρείτε να αλλάξετε εργοδότη μέσα στους επόμενους 12 μήνες;
3/6/2026 7:35~Άνδρας~26-41~Πτυχίο ΑΕΙ-ΤΕΙ~Δουλεύω σε έναν εργοδότη~~Entry Level~Μεγάλη - Πολυεθνική (250+ άτομα)~0-2~1-2 έτη~4~3~3-5 έτη~Πολύ σπάνια~Κάθε χρόνο~Ναι~2~Όχι~Ναι~0~Μέτρια~Συχνά~Όχι~Όχι~3~Δια ζώσης (On-Site)~Τηλεργασία (Remote)~Πολύ λίγο (1-15 μέρες)~Πολλές φορές τον χρόνο~Μέτρια έντονο~Καμία σύνδεση μεταξύ τους~Μέτριο ενδιαφέρον~4~3
3/6/2026 10:06~Άνδρας~42-57~Πτυχίο ΑΕΙ-ΤΕΙ~Δουλεύω σε έναν εργοδότη~~Senior~Μικρομεσαία (11-250 άτομα)~20+~Πάνω από 5 έτη~5~5~Πάνω από 5 έτη~Πολύ σπάνια~Δεν το σκέφτομαι~Ναι~2~Όχι~Όχι~0~Πολύ~Σπάνια~Όχι~Όχι~2~Δια ζώσης (On-Site)~Δια ζώσης (On-site)~Λίγο (16 - 30 μέρες)~Μέτρια συχνότητα~Πολύ έντονο~Ελάχιστη σύνδεση~Λίγο ενδιαφέρον~3~1
3/6/2026 10:48~Άνδρας~26-41~Μεταπτυχιακό Δίπλωμα~Δουλεύω σε έναν εργοδότη~Τεχνολογία & Πληροφορική~Mid-level~Μεγάλη - Πολυεθνική (250+ άτομα)~10-Jun~Πάνω από 5 έτη~4~4~3-5 έτη~Κάθε 3 μήνες~Δεν το σκέφτομαι~Ναι~3~Όχι~Όχι~0~Μέτρια~Πολύ σπάνια~Ναι~Όχι~2~Υβριδικό (Hybrid)~Υβριδικό (Hybrid)~Πολύ λίγο (1-15 μέρες)~Λίγες φορές τον χρόνο~Λίγο έντονο~Ελάχιστη σύνδεση~Ενδιαφέρεται~3~3
3/6/2026 11:32~Άνδρας~42-57~Πτυχίο ΑΕΙ-ΤΕΙ~Δουλεύω σε έναν εργοδότη~ΕΙΔΙΚΗ ΥΠΗΡΕΣΙΑ ΔΙΑΧΕΙΡΙΣΗΣ ΜΕΤΑΦΟΡΕΣ ΕΣΠΑ 2021-2027~Executive~Μεγάλη - Πολυεθνική (250+ άτομα)~20+~Πάνω από 5 έτη~4~3~Πάνω από 5 έτη~Κάθε χρόνο~Κάθε χρόνο~Όχι~3~Όχι~Όχι~0~Μέτρια~Σπάνια~Όχι~Όχι~4~Δια ζώσης (On-Site)~Υβριδικό (Hybrid)~Μέτρια (31 - 60 μέρες)~Πολλές φορές τον χρόνο~Πολύ έντονο~Άμεση σύνδεση~Λίγο ενδιαφέρον~4~1
3/6/2026 11:37~Άνδρας~42-57~Πτυχίο ΑΕΙ-ΤΕΙ~Δεν ειμαι White-Collar Worker~Οικονομικά, Τράπεζες & Ασφάλειες~Senior~Μεγάλη - Πολυεθνική (250+ άτομα)~20-Nov~Πάνω από 5 έτη~4~3~3-5 έτη~Κάθε μήνα~Δεν το σκέφτομαι~Όχι~4~Όχι~Όχι~0~Μέτρια~Σπάνια~Ναι~Όχι~3~Δια ζώσης (On-Site)~Υβριδικό (Hybrid)~Πολύ λίγο (1-15 μέρες)~Πολύ λίγες φορές τον χρόνο~Μέτρια έντονο~Άμεση σύνδεση~Λίγο ενδιαφέρον~3~3
3/6/2026 11:42~Άνδρας~42-57~Πτυχίο ΑΕΙ-ΤΕΙ~Δουλεύω σε παραπάνω από έναν εργοδότη~Τεχνολογία & Πληροφορική~Management~Μικρομεσαία (11-250 άτομα)~20+~Πάνω από 5 έτη~4~4~Πάνω από 5 έτη~Κάθε μήνα~Κάθε 6 μήνες~Ναι~4~Όχι~Ναι~0~Πολύ~Πολύ σπάνια~Ναι~Όχι~3~Δια ζώσης (On-Site)~Τηλεργασία (Remote)~Πολύ (61 - 90 μέρες)~Πολλές φορές τον χρόνο~Μέτρια έντονο~Μέτρια σύνδεση~Δεν ξέρω~3~5
3/6/2026 12:16~Άνδρας~42-57~Δευτεροβάθμια Εκπαίδευση~Δουλεύω σε έναν εργοδότη~Διοικητική Υποστήριξη~Mid-level~Μικρομεσαία (11-250 άτομα)~20+~Πάνω από 5 έτη~4~5~Πάνω από 5 έτη~Πολύ σπάνια~Δεν το σκέφτομαι~Όχι~4~Όχι~Όχι~0~Πάρα πολύ~Δεν το κάνω~Όχι~Όχι~3~Δια ζώσης (On-Site)~Τηλεργασία (Remote)~Πολύ λίγο (1-15 μέρες)~Πολύ λίγες φορές τον χρόνο~Λίγο έντονο~Ελάχιστη σύνδεση~Λίγο ενδιαφέρον~2~1
3/6/2026 13:05~Άνδρας~42-57~Διδακτορικό Δίπλωμα~Δουλεύω σε έναν εργοδότη~Οικονομικά, Περιβάλλον~Management~Μεγάλη - Πολυεθνική (250+ άτομα)~20+~3-5 έτη~5~5~3-5 έτη~Κάθε 6 μήνες~Δεν το σκέφτομαι~Όχι~2~Όχι~Όχι~1~Μέτρια~Δεν το κάνω~Όχι~Όχι~2~Δια ζώσης (On-Site)~Υβριδικό (Hybrid)~Πολύ λίγο (1-15 μέρες)~Μέτρια συχνότητα~Μέτρια έντονο~Καμία σύνδεση μεταξύ τους~Λίγο ενδιαφέρον~3~2
3/6/2026 16:46~Άνδρας~26-41~Πτυχίο ΑΕΙ-ΤΕΙ~Δουλεύω σε έναν εργοδότη~Τεχνολογία & Πληροφορική~Mid-level~Μικρομεσαία (11-250 άτομα)~0-2~1-2 έτη~3~3~1-2 έτη~Πολύ σπάνια~Κάθε χρόνο~Ναι~5~Όχι~Ναι~1~Μέτρια~Συχνά~Ναι~Όχι~4~Υβριδικό (Hybrid)~Υβριδικό (Hybrid)~Λίγο (16 - 30 μέρες)~Πολλές φορές τον χρόνο~Μέτρια έντονο~Ελάχιστη σύνδεση~Μέτριο ενδιαφέρον~3~4
3/6/2026 17:00~Άνδρας~26-41~Δευτεροβάθμια Εκπαίδευση~Δουλεύω σε παραπάνω από έναν εργοδότη~Ανθρώπινο Δυναμικό (HR), Πωλήσεις & Εξυπηρέτηση Πελατών~Entry Level~Μικρομεσαία (11-250 άτομα)~10-Jun~Λιγότερο από 1 έτος~4~3~3-5 έτη~Πολύ σπάνια~Δεν το σκέφτομαι~Ναι~2~Όχι~Όχι~2~Μέτρια~Σπάνια~Όχι~Δεν ξέρω - Δεν απαντώ~2~Δια ζώσης (On-Site)~Τηλεργασία (Remote)~Πολύ λίγο (1-15 μέρες)~Λίγες φορές τον χρόνο~Καθόλου έντονο~Καμία σύνδεση μεταξύ τους~Δεν ξέρω~2~2
3/6/2026 23:15~Άνδρας~58+~Μεταπτυχιακό Δίπλωμα~Δουλεύω σε έναν εργοδότη~ΔΙΑΧΕΙΡΙΣΗ ΣΥΓΧΡΗΜΑΤΟΔΟΤΟΥΜΕΝΩΝ ΕΡΓΩΝ ΕΣΠΑ~Management~Μικρομεσαία (11-250 άτομα)~20+~Πάνω από 5 έτη~4~3~Πάνω από 5 έτη~Κάθε χρόνο~Δεν το σκέφτομαι~Όχι~3~Όχι~Όχι~0~Καθόλου~Σπάνια~Όχι~Όχι~2~Δια ζώσης (On-Site)~Δια ζώσης (On-site)~Πάρα πολύ (91+ μέρες)~Μέτρια συχνότητα~Πάρα πολύ έντονο~Άμεση σύνδεση~Δεν ενδιαφέρεται~4~1
4/6/2026 10:23~Άνδρας~58+~Πτυχίο ΑΕΙ-ΤΕΙ~Δουλεύω σε έναν εργοδότη~Οικονομικά, Τράπεζες & Ασφάλειες~Mid-level~Μεγάλη - Πολυεθνική (250+ άτομα)~20+~Πάνω από 5 έτη~3~4~Πάνω από 5 έτη~Πολύ σπάνια~Δεν το σκέφτομαι~Όχι~4~Όχι~Όχι~0~Πολύ~Μέτρια~Όχι~Όχι~4~Δια ζώσης (On-Site)~Δια ζώσης (On-site)~Λίγο (16 - 30 μέρες)~Λίγες φορές τον χρόνο~Λίγο έντονο~Δέν ξέρω - Δεν απαντώ~Δεν ξέρω~3~1
4/6/2026 11:15~Άνδρας~18-25~Πτυχίο ΑΕΙ-ΤΕΙ~Δουλεύω σε έναν εργοδότη~Τεχνολογία & Πληροφορική~Entry Level~Μεγάλη - Πολυεθνική (250+ άτομα)~0-2~1-2 έτη~3~1~1-2 έτη~Κάθε χρόνο~Κάθε 6 μήνες~Ναι~5~Όχι~Ναι~1~Λίγο~Δεν το κάνω~Ναι~Όχι~3~Δια ζώσης (On-Site)~Υβριδικό (Hybrid)~Λίγο (16 - 30 μέρες)~Μέτρια συχνότητα~Μέτρια έντονο~Δέν ξέρω - Δεν απαντώ~Δεν ξέρω~4~5
4/6/2026 12:28~Άνδρας~26-41~Δευτεροβάθμια Εκπαίδευση~Δεν ειμαι White-Collar Worker~Τεχνικός συντήρησης~Entry Level~Μικρομεσαία (11-250 άτομα)~5-Mar~3-5 έτη~3~4~3-5 έτη~Πολύ σπάνια~Δεν το σκέφτομαι~Ναι~3~Όχι~Όχι~1~Πολύ~Πολύ σπάνια~Όχι~Όχι~5~Δια ζώσης (On-Site)~Υβριδικό (Hybrid)~Πολύ λίγο (1-15 μέρες)~Λίγες φορές τον χρόνο~Καθόλου έντονο~Ελάχιστη σύνδεση~Δεν ξέρω~3~1
4/6/2026 13:42~Άνδρας~42-57~Μεταπτυχιακό Δίπλωμα~Δουλεύω σε έναν εργοδότη~Διοικητική Υποστήριξη~Entry Level~Μικρομεσαία (11-250 άτομα)~20+~Πάνω από 5 έτη~4~4~Πάνω από 5 έτη~Πολύ σπάνια~Δεν το σκέφτομαι~Ναι~3~Όχι~Όχι~0~Πολύ~Δεν το κάνω~Όχι~Όχι~3~Δια ζώσης (On-Site)~Υβριδικό (Hybrid)~Λίγο (16 - 30 μέρες)~Μέτρια συχνότητα~Λίγο έντονο~Ελάχιστη σύνδεση~Μέτριο ενδιαφέρον~3~3
5/6/2026 11:06~Άνδρας~26-41~Δευτεροβάθμια Εκπαίδευση~Δουλεύω σε έναν εργοδότη~Πωλήσεις & Εξυπηρέτηση Πελατών~Entry Level~Μικρομεσαία (11-250 άτομα)~0-2~1-2 έτη~3~2~3-5 έτη~Πολύ σπάνια~Κάθε μήνα~Ναι~5~Ναι~Όχι~3+~Μέτρια~Πολύ συχνά~Ναι~Ναι~5~Δια ζώσης (On-Site)~Υβριδικό (Hybrid)~Πολύ λίγο (1-15 μέρες)~Πάρα πολλές φορες τον χρόνο~Μέτρια έντονο~Δέν ξέρω - Δεν απαντώ~Λίγο ενδιαφέρον~3~4
5/6/2026 11:21~Άνδρας~26-41~Πτυχίο ΑΕΙ-ΤΕΙ~Δουλεύω σε έναν εργοδότη~Τεχνολογία & Πληροφορική~Mid-level~Μεγάλη - Πολυεθνική (250+ άτομα)~10-Jun~Λιγότερο από 1 έτος~5~5~3-5 έτη~Κάθε χρόνο~Δεν το σκέφτομαι~Ναι~3~Ναι~Όχι~3+~Πάρα πολύ~Μέτρια~Όχι~Όχι~3~Υβριδικό (Hybrid)~Υβριδικό (Hybrid)~Πολύ λίγο (1-15 μέρες)~Μέτρια συχνότητα~Μέτρια έντονο~Ελάχιστη σύνδεση~Ενδιαφέρεται~3~1
5/6/2026 12:02~Άνδρας~26-41~Μεταπτυχιακό Δίπλωμα~Δουλεύω σε έναν εργοδότη~Τεχνολογία & Πληροφορική~Senior~Μεγάλη - Πολυεθνική (250+ άτομα)~10-Jun~3-5 έτη~4~4~3-5 έτη~Κάθε εβδομάδα ή πιο συχνά~Κάθε χρόνο~Ναι~3~Ναι~Ναι~2~Πολύ~Συχνά~Ναι~Όχι~2~Δια ζώσης (On-Site)~Υβριδικό (Hybrid)~Πολύ λίγο (1-15 μέρες)~Πάρα πολλές φορες τον χρόνο~Λίγο έντονο~Ελάχιστη σύνδεση~Μέτριο ενδιαφέρον~3~5
5/6/2026 12:35~Άνδρας~26-41~Πτυχίο ΑΕΙ-ΤΕΙ~Δουλεύω σε έναν εργοδότη~Δημοσιογραφία / Ειδησεογραφία~Mid-level~Μεγάλη - Πολυεθνική (250+ άτομα)~5-Mar~3-5 έτη~3~2~Πάνω από 5 έτη~Κάθε μήνα~Κάθε μήνα~Ναι~1~Όχι~Όχι~2~Λίγο~Μέτρια~Ναι~Ναι~4~Δια ζώσης (On-Site)~Υβριδικό (Hybrid)~Μέτρια (31 - 60 μέρες)~Πολλές φορές τον χρόνο~Μέτρια έντονο~Άμεση σύνδεση~Δεν ενδιαφέρεται~2~3
5/6/2026 13:11~Άνδρας~26-41~Πτυχίο ΑΕΙ-ΤΕΙ~Δουλεύω σε έναν εργοδότη~Διοικητική Υποστήριξη~Entry Level~Μικρομεσαία (11-250 άτομα)~0-2~Λιγότερο από 1 έτος~2~1~3-5 έτη~Κάθε 6 μήνες~Κάθε μήνα~Ναι~4~Όχι~Ναι~3+~Λίγο~Πολύ συχνά~Ναι~Ναι~5~Δια ζώσης (On-Site)~Υβριδικό (Hybrid)~Πολύ λίγο (1-15 μέρες)~Λίγες φορές τον χρόνο~Καθόλου έντονο~Ελάχιστη σύνδεση~Δεν ενδιαφέρεται~3~4
5/6/2026 13:47~Άνδρας~26-41~Πτυχίο ΑΕΙ-ΤΕΙ~Δουλεύω σε έναν εργοδότη~Οικονομικά, Τράπεζες & Ασφάλειες~Entry Level~Πολύ μικρή (έως 10 άτομα)~0-2~1-2 έτη~5~3~3-5 έτη~Κάθε μήνα~Δεν το σκέφτομαι~Ναι~4~Ναι~Όχι~3+~Μέτρια~Πολύ σπάνια~Ναι~Όχι~2~Δια ζώσης (On-Site)~Δια ζώσης (On-site)~Πολύ λίγο (1-15 μέρες)~Πολύ λίγες φορές τον χρόνο~Καθόλου έντονο~Καμία σύνδεση μεταξύ τους~Ενδιαφέρεται~3~2
5/6/2026 14:16~Άνδρας~26-41~Μεταπτυχιακό Δίπλωμα~Δουλεύω σε έναν εργοδότη~Οικονομικά, Τράπεζες & Ασφάλειες~Entry Level~Μικρομεσαία (11-250 άτομα)~0-2~1-2 έτη~3~3~3-5 έτη~Κάθε 6 μήνες~Κάθε χρόνο~Ναι~3~Όχι~Ναι~0~Μέτρια~Μέτρια~Ναι~Δεν ξέρω - Δεν απαντώ~4~Υβριδικό (Hybrid)~Υβριδικό (Hybrid)~Πολύ λίγο (1-15 μέρες)~Μέτρια συχνότητα~Μέτρια έντονο~Μέτρια σύνδεση~Λίγο ενδιαφέρον~3~3
5/6/2026 16:24~Άνδρας~26-41~Διδακτορικό Δίπλωμα~Δουλεύω σε έναν εργοδότη~Τεχνολογία & Πληροφορική~Senior~Μικρομεσαία (11-250 άτομα)~10-Jun~3-5 έτη~4~4~3-5 έτη~Κάθε 6 μήνες~Κάθε μήνα~Ναι~4~Ναι~Ναι~1~Πολύ~Συχνά~Ναι~Ναι~4~Τηλεργασία (Remote)~Τηλεργασία (Remote)~Πάρα πολύ (91+ μέρες)~Μέτρια συχνότητα~Μέτρια έντονο~Ελάχιστη σύνδεση~Μέτριο ενδιαφέρον~4~5
5/6/2026 16:29~Άνδρας~26-41~Μεταπτυχιακό Δίπλωμα~Δουλεύω σε έναν εργοδότη~Τεχνολογία & Πληροφορική~Mid-level~Μικρομεσαία (11-250 άτομα)~5-Mar~3-5 έτη~2~4~3-5 έτη~Κάθε 3 μήνες~Κάθε μήνα~Όχι~4~Όχι~Ναι~2~Καθόλου~Συχνά~Ναι~Ναι~4~Δια ζώσης (On-Site)~Τηλεργασία (Remote)~Πολύ λίγο (1-15 μέρες)~Λίγες φορές τον χρόνο~Καθόλου έντονο~Άμεση σύνδεση~Δεν ενδιαφέρεται~4~5
9/6/2026 15:50~Άνδρας~26-41~Μεταπτυχιακό Δίπλωμα~Δουλεύω σε έναν εργοδότη~Τεχνολογία & Πληροφορική~Mid-level~Μικρομεσαία (11-250 άτομα)~5-Mar~3-5 έτη~4~5~Πάνω από 5 έτη~Κάθε χρόνο~Δεν το σκέφτομαι~Ναι~2~Όχι~Όχι~1~Πολύ~Σπάνια~Όχι~Όχι~3~Δια ζώσης (On-Site)~Τηλεργασία (Remote)~Πολύ λίγο (1-15 μέρες)~Πολλές φορές τον χρόνο~Μέτρια έντονο~Άμεση σύνδεση~Ενδιαφέρεται~3~2
10/6/2026 22:34~Άνδρας~26-41~Μεταπτυχιακό Δίπλωμα~Δουλεύω σε έναν εργοδότη~Τεχνολογία & Πληροφορική~Mid-level~Μικρομεσαία (11-250 άτομα)~5-Mar~1-2 έτη~4~4~3-5 έτη~Πολύ σπάνια~Κάθε χρόνο~Ναι~3~Όχι~Όχι~1~Πολύ~Πολύ σπάνια~Όχι~Όχι~1~Δια ζώσης (On-Site)~Υβριδικό (Hybrid)~Μέτρια (31 - 60 μέρες)~Μέτρια συχνότητα~Μέτρια έντονο~Άμεση σύνδεση~Μέτριο ενδιαφέρον~4~3
10/6/2026 22:47~Άνδρας~26-41~Δευτεροβάθμια Εκπαίδευση~Δουλεύω σε έναν εργοδότη~Τεχνολογία & Πληροφορική~Mid-level~Μικρομεσαία (11-250 άτομα)~10-Jun~3-5 έτη~3~2~3-5 έτη~Πολύ σπάνια~Κάθε μήνα~Ναι~4~Όχι~Ναι~1~Λίγο~Μέτρια~Ναι~Όχι~5~Υβριδικό (Hybrid)~Τηλεργασία (Remote)~Λίγο (16 - 30 μέρες)~Μέτρια συχνότητα~Μέτρια έντονο~Καμία σύνδεση μεταξύ τους~Λίγο ενδιαφέρον~2~4
11/6/2026 19:01~Άνδρας~26-41~Πτυχίο ΑΕΙ-ΤΕΙ~Δουλεύω σε έναν εργοδότη~Πωλήσεις & Εξυπηρέτηση Πελατών~Mid-level~Μεγάλη - Πολυεθνική (250+ άτομα)~10-Jun~Λιγότερο από 1 έτος~4~3~1-2 έτη~Κάθε 6 μήνες~Κάθε μήνα~Ναι~4~Ναι~Όχι~3+~Μέτρια~Πολύ σπάνια~Ναι~Ναι~4~Δια ζώσης (On-Site)~Υβριδικό (Hybrid)~Λίγο (16 - 30 μέρες)~Πολλές φορές τον χρόνο~Μέτρια έντονο~Μέτρια σύνδεση~Δεν ενδιαφέρεται~4~3
3/6/2026 10:12~Γυναίκα~58+~Πτυχίο ΑΕΙ-ΤΕΙ~Δουλεύω σε έναν εργοδότη~~Mid-level~Μεγάλη - Πολυεθνική (250+ άτομα)~20+~Πάνω από 5 έτη~5~5~Πάνω από 5 έτη~Πολύ σπάνια~Δεν το σκέφτομαι~Όχι~5~Ναι~Όχι~0~Πολύ~Δεν το κάνω~Όχι~Όχι~3~Δια ζώσης (On-Site)~Δια ζώσης (On-site)~Πάρα πολύ (91+ μέρες)~Πολλές φορές τον χρόνο~Μέτρια έντονο~Άμεση σύνδεση~Μέτριο ενδιαφέρον~5~1
3/6/2026 11:02~Γυναίκα~58+~Πτυχίο ΑΕΙ-ΤΕΙ~Δουλεύω σε έναν εργοδότη~~Mid-level~Μεγάλη - Πολυεθνική (250+ άτομα)~20+~Πάνω από 5 έτη~3~4~Πάνω από 5 έτη~Πολύ σπάνια~Δεν το σκέφτομαι~Όχι~2~Όχι~Όχι~0~Μέτρια~Πολύ σπάνια~Όχι~Όχι~1~Δια ζώσης (On-Site)~Δια ζώσης (On-site)~Λίγο (16 - 30 μέρες)~Πάρα πολλές φορες τον χρόνο~Μέτρια έντονο~Μέτρια σύνδεση~Δεν ενδιαφέρεται~4~1
3/6/2026 11:26~Γυναίκα~42-57~Μεταπτυχιακό Δίπλωμα~Δουλεύω σε έναν εργοδότη~Ευρύτερος Δημόσιος Τομέας - Διαχείριση Συγχρηματοδοτούμενων Έργων~Senior~Μεγάλη - Πολυεθνική (250+ άτομα)~20+~Πάνω από 5 έτη~4~4~3-5 έτη~Πολύ σπάνια~Κάθε χρόνο~Όχι~3~Ναι~Όχι~0~Μέτρια~Πολύ σπάνια~Όχι~Όχι~2~Δια ζώσης (On-Site)~Υβριδικό (Hybrid)~Πολύ λίγο (1-15 μέρες)~Πάρα πολλές φορες τον χρόνο~Πολύ έντονο~Άμεση σύνδεση~Δεν ενδιαφέρεται~4~4
3/6/2026 11:27~Γυναίκα~42-57~Πτυχίο ΑΕΙ-ΤΕΙ~Δουλεύω σε έναν εργοδότη~Τεχνολογία & Πληροφορική~Senior~Μικρομεσαία (11-250 άτομα)~20+~3-5 έτη~5~5~Πάνω από 5 έτη~Πολύ σπάνια~Δεν το σκέφτομαι~Όχι~2~Όχι~Όχι~2~Πολύ~Δεν το κάνω~Όχι~Όχι~3~Δια ζώσης (On-Site)~Υβριδικό (Hybrid)~Λίγο (16 - 30 μέρες)~Μέτρια συχνότητα~Μέτρια έντονο~Μέτρια σύνδεση~Μέτριο ενδιαφέρον~3~1
3/6/2026 11:30~Γυναίκα~42-57~Μεταπτυχιακό Δίπλωμα~Δεν ειμαι White-Collar Worker~Τεχνολογία & Πληροφορική~Senior~Μικρομεσαία (11-250 άτομα)~20+~Πάνω από 5 έτη~4~3~3-5 έτη~Πολύ σπάνια~Κάθε χρόνο~Ναι~4~Όχι~Ναι~0~Μέτρια~Δεν το κάνω~Ναι~Ναι~1~Δια ζώσης (On-Site)~Υβριδικό (Hybrid)~Πολύ (61 - 90 μέρες)~Πολλές φορές τον χρόνο~Πολύ έντονο~Άμεση σύνδεση~Δεν ενδιαφέρεται~2~3
3/6/2026 11:31~Γυναίκα~58+~Πτυχίο ΑΕΙ-ΤΕΙ~Δουλεύω σε έναν εργοδότη~~Mid-level~Μικρομεσαία (11-250 άτομα)~20+~Πάνω από 5 έτη~3~4~3-5 έτη~Πολύ σπάνια~Δεν το σκέφτομαι~Όχι~3~Όχι~Όχι~0~Πολύ~Δεν το κάνω~Όχι~Όχι~3~Δια ζώσης (On-Site)~Δια ζώσης (On-site)~Λίγο (16 - 30 μέρες)~Μέτρια συχνότητα~Μέτρια έντονο~Μέτρια σύνδεση~Δεν ξέρω~2~1
3/6/2026 11:35~Γυναίκα~42-57~Μεταπτυχιακό Δίπλωμα~Δουλεύω σε έναν εργοδότη~ΔΙΑΧΕΙΡΙΣΗ ΣΥΓΧΡΗΜΑΤΟΔΟΤΟΥΜΕΝΩΝ ΑΠΟ ΤΗΝ Ε.Ε. ΠΡΟΓΡΑΜΜΑΤΩΝ~Mid-level~Μεγάλη - Πολυεθνική (250+ άτομα)~20+~Πάνω από 5 έτη~5~5~Πάνω από 5 έτη~Πολύ σπάνια~Δεν το σκέφτομαι~Όχι~3~Όχι~Όχι~0~Μέτρια~Δεν το κάνω~Όχι~Όχι~1~Δια ζώσης (On-Site)~Δια ζώσης (On-site)~Πάρα πολύ (91+ μέρες)~Πάρα πολλές φορες τον χρόνο~Πάρα πολύ έντονο~Άμεση σύνδεση~Δεν ενδιαφέρεται~5~1
3/6/2026 11:37~Γυναίκα~42-57~Διδακτορικό Δίπλωμα~Δουλεύω σε έναν εργοδότη~ΥΠΟΥΡΓ. ΟΙΚΟΝΟΜΙΑΣ - ΣΥΓΧΡ. ΕΡΓΑ - ΠΔΕ~Senior~Μεγάλη - Πολυεθνική (250+ άτομα)~20+~Πάνω από 5 έτη~3~2~3-5 έτη~Πολύ σπάνια~Δεν το σκέφτομαι~Όχι~3~Ναι~Ναι~0~Καθόλου~Πολύ σπάνια~Ναι~Όχι~3~Δια ζώσης (On-Site)~Υβριδικό (Hybrid)~Πολύ (61 - 90 μέρες)~Πάρα πολλές φορες τον χρόνο~Πολύ έντονο~Μέτρια σύνδεση~Δεν ενδιαφέρεται~3~1
3/6/2026 11:41~Γυναίκα~58+~Μεταπτυχιακό Δίπλωμα~Δουλεύω σε έναν εργοδότη~ΠΑΡΑΚΟΛΟΥΘΗΣΗ ΥΛΟΠΟΙΗΣΗΣ ΣΥΓΧΡΗΜΑΤΟΔΟΤΟΥΜΕΝΩΝ ΕΡΓΩΝ~Management~Μικρομεσαία (11-250 άτομα)~20+~Πάνω από 5 έτη~4~5~3-5 έτη~Πολύ σπάνια~Δεν το σκέφτομαι~Όχι~2~Όχι~Όχι~0~Πολύ~Πολύ σπάνια~Όχι~Όχι~1~Δια ζώσης (On-Site)~Υβριδικό (Hybrid)~Λίγο (16 - 30 μέρες)~Πολλές φορές τον χρόνο~Μέτρια έντονο~Άμεση σύνδεση~Λίγο ενδιαφέρον~4~1
3/6/2026 11:45~Γυναίκα~42-57~Πτυχίο ΑΕΙ-ΤΕΙ~Δουλεύω σε παραπάνω από έναν εργοδότη~Διοικητική Υποστήριξη~Senior~Μικρομεσαία (11-250 άτομα)~20+~3-5 έτη~4~4~Πάνω από 5 έτη~Πολύ σπάνια~Δεν το σκέφτομαι~Όχι~3~Ναι~Όχι~1~Πάρα πολύ~Δεν το κάνω~Όχι~Ναι~5~Τηλεργασία (Remote)~Τηλεργασία (Remote)~Πολύ λίγο (1-15 μέρες)~Λίγες φορές τον χρόνο~Λίγο έντονο~Άμεση σύνδεση~Μέτριο ενδιαφέρον~2~2
3/6/2026 11:53~Γυναίκα~42-57~Μεταπτυχιακό Δίπλωμα~Δουλεύω σε έναν εργοδότη~Δημόσιος Τομέας - Προσωπικό για τη Διαχείριση έργων ΕΣΠΑ~Entry Level~Μεγάλη - Πολυεθνική (250+ άτομα)~20-Nov~Πάνω από 5 έτη~5~5~Πάνω από 5 έτη~Πολύ σπάνια~Δεν το σκέφτομαι~Όχι~2~Όχι~Όχι~0~Πολύ~Σπάνια~Όχι~Όχι~3~Δια ζώσης (On-Site)~Δια ζώσης (On-site)~Λίγο (16 - 30 μέρες)~Μέτρια συχνότητα~Μέτρια έντονο~Καμία σύνδεση μεταξύ τους~Δεν ενδιαφέρεται~3~1
3/6/2026 12:08~Γυναίκα~26-41~Μεταπτυχιακό Δίπλωμα~Δουλεύω σε έναν εργοδότη~Διοικητική Υποστήριξη~Mid-level~Μικρομεσαία (11-250 άτομα)~20-Nov~1-2 έτη~4~3~3-5 έτη~Πολύ σπάνια~Δεν το σκέφτομαι~Ναι~4~Όχι~Όχι~2~Μέτρια~Συχνά~Όχι~Ναι~4~Δια ζώσης (On-Site)~Υβριδικό (Hybrid)~Πολύ λίγο (1-15 μέρες)~Μέτρια συχνότητα~Μέτρια έντονο~Μέτρια σύνδεση~Μέτριο ενδιαφέρον~2~1
3/6/2026 12:19~Γυναίκα~42-57~Μεταπτυχιακό Δίπλωμα~Δουλεύω σε έναν εργοδότη~Μάρκετινγκ & Επικοινωνία~Mid-level~Μικρομεσαία (11-250 άτομα)~20+~Πάνω από 5 έτη~4~4~3-5 έτη~Πολύ σπάνια~Δεν το σκέφτομαι~Όχι~3~Όχι~Όχι~0~Μέτρια~Δεν το κάνω~Όχι~Όχι~2~Δια ζώσης (On-Site)~Υβριδικό (Hybrid)~Μέτρια (31 - 60 μέρες)~Μέτρια συχνότητα~Λίγο έντονο~Μέτρια σύνδεση~Λίγο ενδιαφέρον~3~2
3/6/2026 13:07~Γυναίκα~58+~Πτυχίο ΑΕΙ-ΤΕΙ~Δεν ειμαι White-Collar Worker~ΕΣΠΑ~Entry Level~Μεγάλη - Πολυεθνική (250+ άτομα)~20+~Πάνω από 5 έτη~4~3~3-5 έτη~Πολύ σπάνια~Δεν το σκέφτομαι~Ναι~5~Όχι~Όχι~0~Μέτρια~Δεν το κάνω~Όχι~Όχι~5~Δια ζώσης (On-Site)~Τηλεργασία (Remote)~Λίγο (16 - 30 μέρες)~Πάρα πολλές φορες τον χρόνο~Λίγο έντονο~Άμεση σύνδεση~Δεν ξέρω~4~1
3/6/2026 13:49~Γυναίκα~42-57~Δευτεροβάθμια Εκπαίδευση~Δουλεύω σε παραπάνω από έναν εργοδότη~Διοικητική Υποστήριξη~Mid-level~Μικρομεσαία (11-250 άτομα)~20+~Λιγότερο από 1 έτος~4~3~Πάνω από 5 έτη~Πολύ σπάνια~Δεν το σκέφτομαι~Όχι~3~Ναι~Όχι~3+~Μέτρια~Δεν το κάνω~Όχι~Όχι~3~Δια ζώσης (On-Site)~Υβριδικό (Hybrid)~Πολύ λίγο (1-15 μέρες)~Μέτρια συχνότητα~Μέτρια έντονο~Μέτρια σύνδεση~Μέτριο ενδιαφέρον~4~5
3/6/2026 14:17~Γυναίκα~42-57~Μεταπτυχιακό Δίπλωμα~Δουλεύω σε έναν εργοδότη~Δημόσιος τομέας~Management~Μεγάλη - Πολυεθνική (250+ άτομα)~20+~Πάνω από 5 έτη~4~4~3-5 έτη~Πολύ σπάνια~Δεν το σκέφτομαι~Ναι~4~Ναι~Όχι~0~Μέτρια~Σπάνια~Όχι~Όχι~1~Δια ζώσης (On-Site)~Υβριδικό (Hybrid)~Λίγο (16 - 30 μέρες)~Λίγες φορές τον χρόνο~Πολύ έντονο~Μέτρια σύνδεση~Μέτριο ενδιαφέρον~3~1
3/6/2026 16:38~Γυναίκα~42-57~Μεταπτυχιακό Δίπλωμα~Δουλεύω σε έναν εργοδότη~Οικονομικά, Τράπεζες & Ασφάλειες~Senior~Μικρομεσαία (11-250 άτομα)~20+~Πάνω από 5 έτη~3~3~Πάνω από 5 έτη~Κάθε χρόνο~Κάθε 6 μήνες~Ναι~3~Όχι~Ναι~0~Λίγο~Σπάνια~Ναι~Όχι~2~Δια ζώσης (On-Site)~Υβριδικό (Hybrid)~Λίγο (16 - 30 μέρες)~Πολλές φορές τον χρόνο~Μέτρια έντονο~Μέτρια σύνδεση~Λίγο ενδιαφέρον~5~3
3/6/2026 16:39~Γυναίκα~58+~Πτυχίο ΑΕΙ-ΤΕΙ~Δεν ειμαι White-Collar Worker~Διοικητική Υποστήριξη~Senior~Μικρομεσαία (11-250 άτομα)~20+~Πάνω από 5 έτη~3~3~Πάνω από 5 έτη~Πολύ σπάνια~Δεν το σκέφτομαι~Όχι~3~Όχι~Όχι~0~Μέτρια~Δεν το κάνω~Όχι~Όχι~2~Δια ζώσης (On-Site)~Υβριδικό (Hybrid)~Μέτρια (31 - 60 μέρες)~Μέτρια συχνότητα~Λίγο έντονο~Καμία σύνδεση μεταξύ τους~Δεν ενδιαφέρεται~3~1
3/6/2026 17:52~Γυναίκα~42-57~Διδακτορικό Δίπλωμα~Δουλεύω σε έναν εργοδότη~ΔΗΜΟΣΙΑ ΥΠΗΡΕΣΙΑ-ΔΙΑΧΕΙΡΙΣΗ ΔΗΜΟΣΙΩΝ ΕΡΓΩΝ~Senior~Μεγάλη - Πολυεθνική (250+ άτομα)~20+~Πάνω από 5 έτη~4~4~Πάνω από 5 έτη~Πολύ σπάνια~Δεν το σκέφτομαι~Ναι~5~Ναι~Όχι~0~Πολύ~Μέτρια~Όχι~Ναι~4~Τηλεργασία (Remote)~Τηλεργασία (Remote)~Πολύ λίγο (1-15 μέρες)~Μέτρια συχνότητα~Μέτρια έντονο~Άμεση σύνδεση~Μέτριο ενδιαφέρον~1~1
3/6/2026 21:57~Γυναίκα~58+~Μεταπτυχιακό Δίπλωμα~Δουλεύω σε έναν εργοδότη~Δημόσια Διοίκηση / Δημόσια Υπηρεσία~Mid-level~Μεγάλη - Πολυεθνική (250+ άτομα)~20+~Πάνω από 5 έτη~3~4~Πάνω από 5 έτη~Πολύ σπάνια~Δεν το σκέφτομαι~Ναι~4~Όχι~Όχι~0~Μέτρια~Πολύ σπάνια~Όχι~Όχι~4~Υβριδικό (Hybrid)~Υβριδικό (Hybrid)~Μέτρια (31 - 60 μέρες)~Πολλές φορές τον χρόνο~Πολύ έντονο~Άμεση σύνδεση~Λίγο ενδιαφέρον~4~1
3/6/2026 22:05~Γυναίκα~42-57~Μεταπτυχιακό Δίπλωμα~Δουλεύω σε έναν εργοδότη~Διοικητική Υποστήριξη~Mid-level~Μικρομεσαία (11-250 άτομα)~20+~3-5 έτη~3~3~3-5 έτη~Πολύ σπάνια~Κάθε εβδομάδα~Ναι~3~Όχι~Ναι~2~Μέτρια~Σπάνια~Ναι~Ναι~1~Δια ζώσης (On-Site)~Υβριδικό (Hybrid)~Πάρα πολύ (91+ μέρες)~Πολλές φορές τον χρόνο~Πολύ έντονο~Μέτρια σύνδεση~Λίγο ενδιαφέρον~2~3
4/6/2026 10:36~Γυναίκα~42-57~Πτυχίο ΑΕΙ-ΤΕΙ~Δουλεύω σε έναν εργοδότη~Διοικητική Υποστήριξη~Mid-level~Μικρομεσαία (11-250 άτομα)~20-Nov~1-2 έτη~5~5~3-5 έτη~Κάθε χρόνο~Κάθε χρόνο~Ναι~3~Όχι~Όχι~3+~Πάρα πολύ~Σπάνια~Ναι~Όχι~3~Δια ζώσης (On-Site)~Δια ζώσης (On-site)~Λίγο (16 - 30 μέρες)~Μέτρια συχνότητα~Μέτρια έντονο~Δέν ξέρω - Δεν απαντώ~Ενδιαφέρεται~3~3
4/6/2026 11:44~Γυναίκα~42-57~Μεταπτυχιακό Δίπλωμα~Δουλεύω σε έναν εργοδότη~Τεχνολογία & Πληροφορική~Senior~Μικρομεσαία (11-250 άτομα)~20+~3-5 έτη~3~3~Πάνω από 5 έτη~Πολύ σπάνια~Δεν το σκέφτομαι~Ναι~1~Όχι~Όχι~1~Μέτρια~Μέτρια~Όχι~Ναι~2~Δια ζώσης (On-Site)~Υβριδικό (Hybrid)~Λίγο (16 - 30 μέρες)~Λίγες φορές τον χρόνο~Λίγο έντονο~Μέτρια σύνδεση~Λίγο ενδιαφέρον~1~2
4/6/2026 13:21~Γυναίκα~58+~Μεταπτυχιακό Δίπλωμα~Δουλεύω σε έναν εργοδότη~ΔΗΜΟΣΙΟΣ ΥΠΑΛΛΗΛΟΣ~Mid-level~Μεγάλη - Πολυεθνική (250+ άτομα)~20+~Πάνω από 5 έτη~3~3~Πάνω από 5 έτη~Πολύ σπάνια~Δεν το σκέφτομαι~Όχι~3~Ναι~Όχι~0~Μέτρια~Μέτρια~Ναι~Όχι~3~Δια ζώσης (On-Site)~Δια ζώσης (On-site)~Πολύ λίγο (1-15 μέρες)~Πολλές φορές τον χρόνο~Πολύ έντονο~Άμεση σύνδεση~Δεν ενδιαφέρεται~3~2
4/6/2026 15:31~Γυναίκα~42-57~Μεταπτυχιακό Δίπλωμα~Δουλεύω σε έναν εργοδότη~ΔΙΑΧΕΙΡΙΣΗ ΕΡΓΩΝ~Senior~Μεγάλη - Πολυεθνική (250+ άτομα)~20+~Πάνω από 5 έτη~4~2~3-5 έτη~Κάθε χρόνο~Κάθε χρόνο~Ναι~3~Όχι~Ναι~0~Λίγο~Δεν το κάνω~Όχι~Όχι~3~Δια ζώσης (On-Site)~Υβριδικό (Hybrid)~Μέτρια (31 - 60 μέρες)~Πάρα πολλές φορες τον χρόνο~Μέτρια έντονο~Ελάχιστη σύνδεση~Δεν ενδιαφέρεται~4~4
4/6/2026 18:37~Γυναίκα~26-41~Μεταπτυχιακό Δίπλωμα~Δουλεύω σε έναν εργοδότη~Διαχείριση Ευρωπαϊκών προγραμμάτων~Management~Μεγάλη - Πολυεθνική (250+ άτομα)~0-2~Λιγότερο από 1 έτος~3~4~3-5 έτη~Πολύ σπάνια~Δεν το σκέφτομαι~Όχι~3~Όχι~Όχι~1~Πολύ~Σπάνια~Ναι~Όχι~2~Δια ζώσης (On-Site)~Υβριδικό (Hybrid)~Πολύ (61 - 90 μέρες)~Μέτρια συχνότητα~Μέτρια έντονο~Μέτρια σύνδεση~Μέτριο ενδιαφέρον~2~2
5/6/2026 14:43~Γυναίκα~26-41~Πτυχίο ΑΕΙ-ΤΕΙ~Δουλεύω σε έναν εργοδότη~Τεχνολογία & Πληροφορική~Mid-level~Μεγάλη - Πολυεθνική (250+ άτομα)~5-Mar~3-5 έτη~4~3~1-2 έτη~Κάθε 6 μήνες~Κάθε 6 μήνες~Όχι~4~Ναι~Ναι~2~Μέτρια~Συχνά~Όχι~Δεν ξέρω - Δεν απαντώ~3~Υβριδικό (Hybrid)~Υβριδικό (Hybrid)~Πολύ λίγο (1-15 μέρες)~Πολλές φορές τον χρόνο~Μέτρια έντονο~Μέτρια σύνδεση~Ενδιαφέρεται~2~4
5/6/2026 16:45~Γυναίκα~26-41~Πτυχίο ΑΕΙ-ΤΕΙ~Δουλεύω σε έναν εργοδότη~Τεχνολογία & Πληροφορική~Entry Level~Μικρομεσαία (11-250 άτομα)~0-2~Λιγότερο από 1 έτος~3~2~1-2 έτη~Κάθε μήνα~Κάθε 3 μήνες~Όχι~5~Όχι~Ναι~3+~Λίγο~Δεν το κάνω~Ναι~Ναι~5~Υβριδικό (Hybrid)~Υβριδικό (Hybrid)~Λίγο (16 - 30 μέρες)~Μέτρια συχνότητα~Μέτρια έντονο~Άμεση σύνδεση~Λίγο ενδιαφέρον~4~5
5/6/2026 21:41~Γυναίκα~26-41~Μεταπτυχιακό Δίπλωμα~Δουλεύω σε έναν εργοδότη~Πωλήσεις & Εξυπηρέτηση Πελατών~Entry Level~Μικρομεσαία (11-250 άτομα)~10-Jun~Λιγότερο από 1 έτος~4~2~3-5 έτη~Κάθε χρόνο~Κάθε χρόνο~Ναι~3~Ναι~Όχι~3+~Μέτρια~Δεν το κάνω~Όχι~Όχι~3~Δια ζώσης (On-Site)~Υβριδικό (Hybrid)~Πολύ λίγο (1-15 μέρες)~Πολύ λίγες φορές τον χρόνο~Καθόλου έντονο~Καμία σύνδεση μεταξύ τους~Ενδιαφέρεται~5~2
5/6/2026 22:25~Γυναίκα~26-41~Μεταπτυχιακό Δίπλωμα~Δουλεύω σε έναν εργοδότη~Δικηγορικό γραφείο~Mid-level~Πολύ μικρή (έως 10 άτομα)~0-2~Λιγότερο από 1 έτος~5~4~Πάνω από 5 έτη~Πολύ σπάνια~Δεν το σκέφτομαι~Όχι~2~Ναι~Όχι~2~Πάρα πολύ~Δεν το κάνω~Όχι~Ναι~5~Δια ζώσης (On-Site)~Υβριδικό (Hybrid)~Πολύ λίγο (1-15 μέρες)~Λίγες φορές τον χρόνο~Καθόλου έντονο~Καμία σύνδεση μεταξύ τους~Πολύ ενδιαφέρον~3~1
7/6/2026 23:57~Γυναίκα~26-41~Μεταπτυχιακό Δίπλωμα~Δουλεύω σε έναν εργοδότη~Διοικητική Υποστήριξη~Entry Level~Μικρομεσαία (11-250 άτομα)~0-2~Λιγότερο από 1 έτος~4~3~1-2 έτη~Κάθε 6 μήνες~Δεν το σκέφτομαι~Ναι~3~Όχι~Ναι~2~Πολύ~Συχνά~Ναι~Όχι~4~Δια ζώσης (On-Site)~Υβριδικό (Hybrid)~Πολύ λίγο (1-15 μέρες)~Μέτρια συχνότητα~Μέτρια έντονο~Μέτρια σύνδεση~Ενδιαφέρεται~4~4
9/6/2026 15:08~Γυναίκα~42-57~Μεταπτυχιακό Δίπλωμα~Δουλεύω σε έναν εργοδότη~Διαχείριση έργων~Management~Μικρομεσαία (11-250 άτομα)~20+~Πάνω από 5 έτη~3~4~Πάνω από 5 έτη~Πολύ σπάνια~Δεν το σκέφτομαι~Όχι~3~Όχι~Όχι~0~Πολύ~Συχνά~Όχι~Όχι~1~Δια ζώσης (On-Site)~Τηλεργασία (Remote)~Πάρα πολύ (91+ μέρες)~Πάρα πολλές φορες τον χρόνο~Πολύ έντονο~Άμεση σύνδεση~Δεν ενδιαφέρεται~3~1
10/6/2026 17:17~Γυναίκα~26-41~Πτυχίο ΑΕΙ-ΤΕΙ~Δουλεύω σε έναν εργοδότη~Τεχνολογία & Πληροφορική~Mid-level~Μεγάλη - Πολυεθνική (250+ άτομα)~10-Jun~Πάνω από 5 έτη~2~3~3-5 έτη~Πολύ σπάνια~Κάθε χρόνο~Όχι~5~Όχι~Όχι~0~Λίγο~Δεν το κάνω~Όχι~Δεν ξέρω - Δεν απαντώ~5~Τηλεργασία (Remote)~Τηλεργασία (Remote)~Πολύ λίγο (1-15 μέρες)~Πολλές φορές τον χρόνο~Πολύ έντονο~Δέν ξέρω - Δεν απαντώ~Δεν ξέρω~2~4
10/6/2026 22:32~Γυναίκα~26-41~Μεταπτυχιακό Δίπλωμα~Δουλεύω σε έναν εργοδότη~~Entry Level~Πολύ μικρή (έως 10 άτομα)~0-2~1-2 έτη~2~1~3-5 έτη~Κάθε 6 μήνες~Κάθε μήνα~Ναι~4~Όχι~Ναι~0~Λίγο~Πολύ σπάνια~Ναι~Όχι~4~Δια ζώσης (On-Site)~Υβριδικό (Hybrid)~Μέτρια (31 - 60 μέρες)~Πάρα πολλές φορες τον χρόνο~Μέτρια έντονο~Άμεση σύνδεση~Λίγο ενδιαφέρον~3~5
10/6/2026 23:07~Γυναίκα~26-41~Πτυχίο ΑΕΙ-ΤΕΙ~Δουλεύω σε έναν εργοδότη~Τεχνολογία & Πληροφορική~Mid-level~Μεγάλη - Πολυεθνική (250+ άτομα)~5-Mar~3-5 έτη~5~4~Πάνω από 5 έτη~Κάθε μήνα~Κάθε 6 μήνες~Ναι~3~Όχι~Ναι~0~Μέτρια~Πολύ σπάνια~Ναι~Όχι~1~Υβριδικό (Hybrid)~Υβριδικό (Hybrid)~Λίγο (16 - 30 μέρες)~Μέτρια συχνότητα~Πολύ έντονο~Ελάχιστη σύνδεση~Πολύ ενδιαφέρον~4~2
11/6/2026 9:52~Γυναίκα~26-41~Μεταπτυχιακό Δίπλωμα~Δουλεύω σε έναν εργοδότη~Οικονομικά, Τράπεζες & Ασφάλειες~Senior~Μεγάλη - Πολυεθνική (250+ άτομα)~10-Jun~Πάνω από 5 έτη~3~2~3-5 έτη~Κάθε 6 μήνες~Κάθε μήνα~Όχι~4~Όχι~Ναι~0~Καθόλου~Δεν το κάνω~Ναι~Όχι~3~Υβριδικό (Hybrid)~Τηλεργασία (Remote)~Πολύ (61 - 90 μέρες)~Πάρα πολλές φορες τον χρόνο~Μέτρια έντονο~Μέτρια σύνδεση~Μέτριο ενδιαφέρον~2~3
12/6/2026 14:12~Άνδρας~58+~Διδακτορικό Δίπλωμα~Δουλεύω σε έναν εργοδότη~ΦΑΡΜΑΚΕΥΤΙΚΗ ΕΤΑΙΡΕΙΑ~Executive~Μικρομεσαία (11-250 άτομα)~20+~Πάνω από 5 έτη~4~4~Πάνω από 5 έτη~Πολύ σπάνια~Κάθε χρόνο~Ναι~3~Όχι~Όχι~0~Πολύ~Δεν το κάνω~Ναι~Όχι~2~Δια ζώσης (On-Site)~Υβριδικό (Hybrid)~Μέτρια (31 - 60 μέρες)~Πολλές φορές τον χρόνο~Πολύ έντονο~Μέτρια σύνδεση~Δεν ενδιαφέρεται~4~3
13/06/2026 00:53:48~Άνδρας~26-41~Πτυχίο ΑΕΙ-ΤΕΙ~Δουλεύω σε έναν εργοδότη~Τεχνολογία & Πληροφορική~Mid-level~Μεγάλη - Πολυεθνική (250+ άτομα)~5-Mar~3-5 έτη~4~3~3-5 έτη~Κάθε μήνα~Κάθε 3 μήνες~Ναι~3~Όχι~Όχι~0~Μέτρια~Δεν το κάνω~Ναι~Όχι~3~Υβριδικό (Hybrid)~Υβριδικό (Hybrid)~Λίγο (16 - 30 μέρες)~Μέτρια συχνότητα~Λίγο έντονο~Μέτρια σύνδεση~Μέτριο ενδιαφέρον~3~4
14/06/2026 07:07:39~Γυναίκα~42-57~Μεταπτυχιακό Δίπλωμα~Δουλεύω σε έναν εργοδότη~Μάρκετινγκ & Επικοινωνία~Management~Μεγάλη - Πολυεθνική (250+ άτομα)~20-Nov~1-2 έτη~3~2~3-5 έτη~Κάθε 6 μήνες~Κάθε 6 μήνες~Ναι~3~Όχι~Ναι~1~Καθόλου~Μέτρια~Ναι~Όχι~1~Δια ζώσης (On-Site)~Υβριδικό (Hybrid)~Μέτρια (31 - 60 μέρες)~Μέτρια συχνότητα~Πολύ έντονο~Μέτρια σύνδεση~Λίγο ενδιαφέρον~4~5
16/06/2026 18:45:38~Γυναίκα~18-25~Πτυχίο ΑΕΙ-ΤΕΙ~Δουλεύω σε έναν εργοδότη~Ασκούμενη Δικηγόρος~Entry Level~Πολύ μικρή (έως 10 άτομα)~0-2~Λιγότερο από 1 έτος~2~1~1-2 έτη~Κάθε μήνα~Κάθε εβδομάδα~Όχι~3~Όχι~Ναι~0~Μέτρια~Πολύ σπάνια~Ναι~Όχι~3~Δια ζώσης (On-Site)~Υβριδικό (Hybrid)~Πολύ λίγο (1-15 μέρες)~Πολλές φορές τον χρόνο~Μέτρια έντονο~Άμεση σύνδεση~Ενδιαφέρεται~2~5
16/06/2026 19:07:46~Γυναίκα~18-25~Δευτεροβάθμια Εκπαίδευση~Δουλεύω σε έναν εργοδότη~Τεχνολογία & Πληροφορική, Πωλήσεις & Εξυπηρέτηση Πελατών~Entry Level~Μικρομεσαία (11-250 άτομα)~5-Mar~1-2 έτη~4~2~3-5 έτη~Κάθε 3 μήνες~Κάθε μήνα~Ναι~3~Όχι~Όχι~3+~Λίγο~Μέτρια~Ναι~Ναι~5~Δια ζώσης (On-Site)~Υβριδικό (Hybrid)~Πολύ λίγο (1-15 μέρες)~Μέτρια συχνότητα~Μέτρια έντονο~Καμία σύνδεση μεταξύ τους~Δεν ενδιαφέρεται~1~2
16/06/2026 19:14:58~Άλλο~18-25~Μεταπτυχιακό Δίπλωμα~Δουλεύω σε παραπάνω από έναν εργοδότη~Μάρκετινγκ & Επικοινωνία~Mid-level~Μεγάλη - Πολυεθνική (250+ άτομα)~5-Mar~Λιγότερο από 1 έτος~3~3~1-2 έτη~Κάθε 3 μήνες~Κάθε 3 μήνες~Ναι~5~Ναι~Ναι~2~Μέτρια~Μέτρια~Όχι~Δεν ξέρω - Δεν απαντώ~4~Δια ζώσης (On-Site)~Τηλεργασία (Remote)~Πολύ λίγο (1-15 μέρες)~Λίγες φορές τον χρόνο~Λίγο έντονο~Ελάχιστη σύνδεση~Μέτριο ενδιαφέρον~3~5
16/06/2026 21:01:58~Άνδρας~26-41~Πτυχίο ΑΕΙ-ΤΕΙ~Δουλεύω σε έναν εργοδότη~Κατασκευαστική Εταιρια~Executive~Πολύ μικρή (έως 10 άτομα)~20-Nov~Πάνω από 5 έτη~4~5~3-5 έτη~Πολύ σπάνια~Δεν το σκέφτομαι~Ναι~3~Όχι~Όχι~0~Μέτρια~Δεν το κάνω~Όχι~Όχι~1~Υβριδικό (Hybrid)~Υβριδικό (Hybrid)~Πάρα πολύ (91+ μέρες)~Λίγες φορές τον χρόνο~Μέτρια έντονο~Ελάχιστη σύνδεση~Ενδιαφέρεται~4~1
16/06/2026 22:18:33~Άνδρας~26-41~Πτυχίο ΑΕΙ-ΤΕΙ~Δουλεύω σε έναν εργοδότη~Τεχνολογία & Πληροφορική~Management~Μεγάλη - Πολυεθνική (250+ άτομα)~10-Jun~Λιγότερο από 1 έτος~5~5~3-5 έτη~Κάθε 3 μήνες~Κάθε εβδομάδα~Ναι~3~Ναι~Όχι~1~Πάρα πολύ~Δεν το κάνω~Ναι~Όχι~1~Τηλεργασία (Remote)~Τηλεργασία (Remote)~Πολύ λίγο (1-15 μέρες)~Πάρα πολλές φορες τον χρόνο~Πάρα πολύ έντονο~Καμία σύνδεση μεταξύ τους~Πολύ ενδιαφέρον~5~3
16/06/2026 22:30:42~Άνδρας~26-41~Μεταπτυχιακό Δίπλωμα~Δουλεύω σε έναν εργοδότη~Τεχνολογία & Πληροφορική~Mid-level~Μεγάλη - Πολυεθνική (250+ άτομα)~10-Jun~3-5 έτη~2~2~3-5 έτη~Κάθε χρόνο~Κάθε χρόνο~Ναι~4~Ναι~Ναι~2~Μέτρια~Πολύ συχνά~Ναι~Ναι~4~Υβριδικό (Hybrid)~Τηλεργασία (Remote)~Λίγο (16 - 30 μέρες)~Πάρα πολλές φορες τον χρόνο~Μέτρια έντονο~Άμεση σύνδεση~Δεν ενδιαφέρεται~3~5
16/06/2026 23:10:34~Άνδρας~26-41~Πτυχίο ΑΕΙ-ΤΕΙ~Δουλεύω σε έναν εργοδότη~Τεχνολογία & Πληροφορική~Mid-level~Μεγάλη - Πολυεθνική (250+ άτομα)~5-Mar~Λιγότερο από 1 έτος~3~4~3-5 έτη~Κάθε 6 μήνες~Κάθε χρόνο~Ναι~4~Ναι~Ναι~3+~Μέτρια~Συχνά~Ναι~Ναι~4~Υβριδικό (Hybrid)~Υβριδικό (Hybrid)~Πολύ λίγο (1-15 μέρες)~Μέτρια συχνότητα~Λίγο έντονο~Ελάχιστη σύνδεση~Μέτριο ενδιαφέρον~3~4
16/06/2026 23:45:22~Γυναίκα~26-41~Πτυχίο ΑΕΙ-ΤΕΙ~Δουλεύω σε έναν εργοδότη~Διοικητική Υποστήριξη~Entry Level~Μεγάλη - Πολυεθνική (250+ άτομα)~10-Jun~Λιγότερο από 1 έτος~4~4~3-5 έτη~Πολύ σπάνια~Κάθε χρόνο~Ναι~4~Όχι~Όχι~1~Μέτρια~Μέτρια~Όχι~Ναι~4~Δια ζώσης (On-Site)~Υβριδικό (Hybrid)~Πολύ λίγο (1-15 μέρες)~Πολλές φορές τον χρόνο~Μέτρια έντονο~Άμεση σύνδεση~Μέτριο ενδιαφέρον~4~1
16/06/2026 23:53:33~Άνδρας~26-41~Μεταπτυχιακό Δίπλωμα~Δουλεύω σε έναν εργοδότη~Ανθρώπινο Δυναμικό (HR)~Management~Μικρομεσαία (11-250 άτομα)~20-Nov~3-5 έτη~2~1~Πάνω από 5 έτη~Κάθε μήνα~Κάθε εβδομάδα~Ναι~4~Όχι~Ναι~1~Καθόλου~Δεν το κάνω~Ναι~Όχι~4~Υβριδικό (Hybrid)~Τηλεργασία (Remote)~Πάρα πολύ (91+ μέρες)~Πάρα πολλές φορες τον χρόνο~Πολύ έντονο~Άμεση σύνδεση~Δεν ενδιαφέρεται~3~5
16/06/2026 23:58:39~Γυναίκα~26-41~Μεταπτυχιακό Δίπλωμα~Δουλεύω σε έναν εργοδότη~Οικονομικά, Τράπεζες & Ασφάλειες, Ανθρώπινο Δυναμικό (HR), Διοικητική Υποστήριξη~Entry Level~Μικρομεσαία (11-250 άτομα)~0-2~Λιγότερο από 1 έτος~4~2~3-5 έτη~Κάθε μήνα~Δεν το σκέφτομαι~Ναι~4~Όχι~Όχι~3+~Μέτρια~Δεν το κάνω~Ναι~Όχι~3~Δια ζώσης (On-Site)~Υβριδικό (Hybrid)~Πολύ λίγο (1-15 μέρες)~Μέτρια συχνότητα~Καθόλου έντονο~Ελάχιστη σύνδεση~Λίγο ενδιαφέρον~3~4
17/06/2026 00:09:32~Άνδρας~26-41~Μεταπτυχιακό Δίπλωμα~Δουλεύω σε έναν εργοδότη~Τεχνολογία & Πληροφορική~Mid-level~Μεγάλη - Πολυεθνική (250+ άτομα)~10-Jun~Λιγότερο από 1 έτος~5~5~3-5 έτη~Κάθε εβδομάδα ή πιο συχνά~Κάθε 3 μήνες~Ναι~4~Ναι~Όχι~3+~Πάρα πολύ~Σπάνια~Όχι~Όχι~4~Υβριδικό (Hybrid)~Υβριδικό (Hybrid)~Πολύ λίγο (1-15 μέρες)~Πολύ λίγες φορές τον χρόνο~Λίγο έντονο~Ελάχιστη σύνδεση~Μέτριο ενδιαφέρον~3~2
17/06/2026 00:25:47~Άνδρας~26-41~Πτυχίο ΑΕΙ-ΤΕΙ~Δουλεύω σε έναν εργοδότη~Τεχνολογία & Πληροφορική~Mid-level~Μεγάλη - Πολυεθνική (250+ άτομα)~5-Mar~Λιγότερο από 1 έτος~4~2~1-2 έτη~Κάθε χρόνο~Κάθε χρόνο~Ναι~5~Ναι~Ναι~2~Μέτρια~Συχνά~Ναι~Ναι~2~Τηλεργασία (Remote)~Τηλεργασία (Remote)~Πολύ λίγο (1-15 μέρες)~Μέτρια συχνότητα~Μέτρια έντονο~Μέτρια σύνδεση~Λίγο ενδιαφέρον~3~5
17/06/2026 02:38:02~Άνδρας~26-41~Μεταπτυχιακό Δίπλωμα~Δουλεύω σε έναν εργοδότη~Οικονομικά, Τράπεζες & Ασφάλειες, Διοικητική Υποστήριξη~Management~Μικρομεσαία (11-250 άτομα)~10-Jun~Πάνω από 5 έτη~3~4~1-2 έτη~Πολύ σπάνια~Δεν το σκέφτομαι~Ναι~4~Ναι~Όχι~0~Πολύ~Μέτρια~Όχι~Δεν ξέρω - Δεν απαντώ~3~Υβριδικό (Hybrid)~Τηλεργασία (Remote)~Μέτρια (31 - 60 μέρες)~Λίγες φορές τον χρόνο~Λίγο έντονο~Δέν ξέρω - Δεν απαντώ~Ενδιαφέρεται~1~2
17/06/2026 08:02:31~Γυναίκα~26-41~Μεταπτυχιακό Δίπλωμα~Δουλεύω σε έναν εργοδότη~Διοικητική Υποστήριξη, Πωλήσεις & Εξυπηρέτηση Πελατών, Yachting~Mid-level~Μικρομεσαία (11-250 άτομα)~10-Jun~Πάνω από 5 έτη~3~1~Πάνω από 5 έτη~Πολύ σπάνια~Κάθε 6 μήνες~Ναι~2~Όχι~Όχι~0~Λίγο~Δεν το κάνω~Ναι~Όχι~2~Δια ζώσης (On-Site)~Υβριδικό (Hybrid)~Μέτρια (31 - 60 μέρες)~Πολλές φορές τον χρόνο~Πολύ έντονο~Μέτρια σύνδεση~Μέτριο ενδιαφέρον~3~3
17/06/2026 08:21:43~Άνδρας~26-41~Πτυχίο ΑΕΙ-ΤΕΙ~Δεν ειμαι White-Collar Worker~Βιομηχανική παραγωγή~Mid-level~Μεγάλη - Πολυεθνική (250+ άτομα)~10-Jun~3-5 έτη~3~3~Πάνω από 5 έτη~Κάθε 3 μήνες~Κάθε χρόνο~Ναι~5~Ναι~Όχι~2~Καθόλου~Πολύ συχνά~Όχι~Ναι~5~Δια ζώσης (On-Site)~Τηλεργασία (Remote)~Πάρα πολύ (91+ μέρες)~Πολύ λίγες φορές τον χρόνο~Λίγο έντονο~Μέτρια σύνδεση~Δεν ενδιαφέρεται~1~2
17/06/2026 13:40:08~Άνδρας~26-41~Μεταπτυχιακό Δίπλωμα~Δουλεύω σε έναν εργοδότη~Πωλήσεις & Εξυπηρέτηση Πελατών~Mid-level~Πολύ μικρή (έως 10 άτομα)~20-Nov~3-5 έτη~4~3~Πάνω από 5 έτη~Κάθε εβδομάδα ή πιο συχνά~Κάθε εβδομάδα~Ναι~2~Όχι~Ναι~1~Πολύ~Συχνά~Ναι~Όχι~3~Τηλεργασία (Remote)~Τηλεργασία (Remote)~Πολύ λίγο (1-15 μέρες)~Λίγες φορές τον χρόνο~Πολύ έντονο~Μέτρια σύνδεση~Πολύ ενδιαφέρον~5~5
17/06/2026 15:15:54~Άνδρας~26-41~Μεταπτυχιακό Δίπλωμα~Δουλεύω σε έναν εργοδότη~Υγεια/Φαρμακευτικά~Mid-level~Μικρομεσαία (11-250 άτομα)~10-Jun~Πάνω από 5 έτη~3~4~3-5 έτη~Κάθε 6 μήνες~Κάθε μήνα~Ναι~4~Όχι~Ναι~0~Μέτρια~Πολύ σπάνια~Ναι~Ναι~4~Δια ζώσης (On-Site)~Δια ζώσης (On-site)~Μέτρια (31 - 60 μέρες)~Μέτρια συχνότητα~Μέτρια έντονο~Άμεση σύνδεση~Μέτριο ενδιαφέρον~4~4
17/06/2026 18:56:37~Άνδρας~26-41~Πτυχίο ΑΕΙ-ΤΕΙ~Δουλεύω σε έναν εργοδότη~Πωλήσεις & Εξυπηρέτηση Πελατών~Entry Level~Μεγάλη - Πολυεθνική (250+ άτομα)~20-Nov~Λιγότερο από 1 έτος~1~1~1-2 έτη~Πολύ σπάνια~Κάθε εβδομάδα~Ναι~3~Ναι~Ναι~3+~Μέτρια~Πολύ συχνά~Ναι~Ναι~4~Δια ζώσης (On-Site)~Υβριδικό (Hybrid)~Πολύ λίγο (1-15 μέρες)~Πάρα πολλές φορες τον χρόνο~Πάρα πολύ έντονο~Άμεση σύνδεση~Δεν ενδιαφέρεται~1~5
17/06/2026 19:14:19~Άνδρας~42-57~Μεταπτυχιακό Δίπλωμα~Δουλεύω σε έναν εργοδότη~Τεχνολογία & Πληροφορική~Senior~Μεγάλη - Πολυεθνική (250+ άτομα)~20+~Πάνω από 5 έτη~5~4~Πάνω από 5 έτη~Κάθε 6 μήνες~Δεν το σκέφτομαι~Όχι~2~Όχι~Όχι~0~Μέτρια~Μέτρια~Όχι~Όχι~1~Υβριδικό (Hybrid)~Τηλεργασία (Remote)~Μέτρια (31 - 60 μέρες)~Μέτρια συχνότητα~Μέτρια έντονο~Καμία σύνδεση μεταξύ τους~Ενδιαφέρεται~3~1
17/06/2026 20:03:57~Άνδρας~26-41~Μεταπτυχιακό Δίπλωμα~Δουλεύω σε έναν εργοδότη~Οικονομικά, Τράπεζες & Ασφάλειες~Senior~Μικρομεσαία (11-250 άτομα)~10-Jun~Λιγότερο από 1 έτος~4~4~3-5 έτη~Πολύ σπάνια~Κάθε χρόνο~Ναι~4~Όχι~Όχι~1~Πολύ~Συχνά~Όχι~Ναι~5~Δια ζώσης (On-Site)~Υβριδικό (Hybrid)~Πολύ λίγο (1-15 μέρες)~Λίγες φορές τον χρόνο~Καθόλου έντονο~Καμία σύνδεση μεταξύ τους~Λίγο ενδιαφέρον~1~4
17/06/2026 21:15:52~Άνδρας~58+~Πτυχίο ΑΕΙ-ΤΕΙ~Δεν ειμαι White-Collar Worker~~Senior~Μεγάλη - Πολυεθνική (250+ άτομα)~20+~Πάνω από 5 έτη~2~2~Πάνω από 5 έτη~Πολύ σπάνια~Δεν το σκέφτομαι~Όχι~1~Όχι~Όχι~0~Λίγο~Δεν το κάνω~Όχι~Όχι~1~Δια ζώσης (On-Site)~Δια ζώσης (On-site)~Πολύ λίγο (1-15 μέρες)~Πάρα πολλές φορες τον χρόνο~Μέτρια έντονο~Άμεση σύνδεση~Δεν ενδιαφέρεται~1~1
17/06/2026 21:31:47~Γυναίκα~42-57~Δευτεροβάθμια Εκπαίδευση~Δεν ειμαι White-Collar Worker~Ανθρώπινο Δυναμικό (HR)~Mid-level~Μικρομεσαία (11-250 άτομα)~20-Nov~Λιγότερο από 1 έτος~1~2~3-5 έτη~Κάθε μήνα~Κάθε 3 μήνες~Ναι~3~Ναι~Ναι~3+~Καθόλου~Δεν το κάνω~Ναι~Όχι~3~Δια ζώσης (On-Site)~Δια ζώσης (On-site)~Πολύ λίγο (1-15 μέρες)~Πάρα πολλές φορες τον χρόνο~Πολύ έντονο~Ελάχιστη σύνδεση~Δεν ενδιαφέρεται~3~4
18/06/2026 01:24:19~Άνδρας~42-57~Μεταπτυχιακό Δίπλωμα~Δουλεύω σε έναν εργοδότη~Οικονομικά, Τράπεζες & Ασφάλειες~Senior~Μικρομεσαία (11-250 άτομα)~20-Nov~3-5 έτη~5~4~3-5 έτη~Κάθε χρόνο~Κάθε χρόνο~Ναι~4~Ναι~Όχι~2~Μέτρια~Σπάνια~Ναι~Ναι~5~Υβριδικό (Hybrid)~Τηλεργασία (Remote)~Πολύ λίγο (1-15 μέρες)~Λίγες φορές τον χρόνο~Λίγο έντονο~Μέτρια σύνδεση~Μέτριο ενδιαφέρον~3~4
18/06/2026 02:10:05~Άνδρας~26-41~Πτυχίο ΑΕΙ-ΤΕΙ~Δουλεύω σε έναν εργοδότη~Πωλήσεις & Εξυπηρέτηση Πελατών~Mid-level~Μεγάλη - Πολυεθνική (250+ άτομα)~20-Nov~Πάνω από 5 έτη~4~3~Πάνω από 5 έτη~Κάθε μήνα~Κάθε 3 μήνες~Ναι~5~Όχι~Όχι~0~Μέτρια~Δεν το κάνω~Όχι~Όχι~1~Δια ζώσης (On-Site)~Υβριδικό (Hybrid)~Λίγο (16 - 30 μέρες)~Πολλές φορές τον χρόνο~Μέτρια έντονο~Μέτρια σύνδεση~Μέτριο ενδιαφέρον~5~2
18/06/2026 12:21:49~Γυναίκα~26-41~Μεταπτυχιακό Δίπλωμα~Δουλεύω σε έναν εργοδότη~Πωλήσεις & Εξυπηρέτηση Πελατών~Mid-level~Μικρομεσαία (11-250 άτομα)~5-Mar~3-5 έτη~2~1~3-5 έτη~Κάθε 6 μήνες~Κάθε 3 μήνες~Ναι~3~Όχι~Ναι~0~Λίγο~Δεν το κάνω~Ναι~Όχι~3~Δια ζώσης (On-Site)~Δια ζώσης (On-site)~Πολύ λίγο (1-15 μέρες)~Πολλές φορές τον χρόνο~Μέτρια έντονο~Ελάχιστη σύνδεση~Λίγο ενδιαφέρον~1~5
18/06/2026 15:59:45~Άνδρας~26-41~Μεταπτυχιακό Δίπλωμα~Δεν ειμαι White-Collar Worker~Τεχνολογία & Πληροφορική~Senior~Πολύ μικρή (έως 10 άτομα)~10-Jun~Πάνω από 5 έτη~4~5~3-5 έτη~Κάθε 3 μήνες~Δεν το σκέφτομαι~Ναι~4~Ναι~Όχι~1~Λίγο~Συχνά~Ναι~Όχι~1~Τηλεργασία (Remote)~Δια ζώσης (On-site)~Πάρα πολύ (91+ μέρες)~Πάρα πολλές φορες τον χρόνο~Μέτρια έντονο~Μέτρια σύνδεση~Δεν ξέρω~3~1
18/06/2026 16:00:43~Άνδρας~26-41~Πτυχίο ΑΕΙ-ΤΕΙ~Δουλεύω σε έναν εργοδότη~Τεχνολογία & Πληροφορική~Mid-level~Μικρομεσαία (11-250 άτομα)~10-Jun~Πάνω από 5 έτη~2~4~3-5 έτη~Κάθε 3 μήνες~Κάθε μήνα~Ναι~2~Όχι~Ναι~0~Μέτρια~Συχνά~Ναι~Ναι~1~Υβριδικό (Hybrid)~Υβριδικό (Hybrid)~Πολύ λίγο (1-15 μέρες)~Πολλές φορές τον χρόνο~Μέτρια έντονο~Ελάχιστη σύνδεση~Λίγο ενδιαφέρον~2~4
18/06/2026 16:02:24~Άνδρας~18-25~Πτυχίο ΑΕΙ-ΤΕΙ~Δουλεύω σε έναν εργοδότη~Συμβουλευτική~Entry Level~Μεγάλη - Πολυεθνική (250+ άτομα)~0-2~Λιγότερο από 1 έτος~2~1~1-2 έτη~Κάθε εβδομάδα ή πιο συχνά~Κάθε εβδομάδα~Όχι~4~Όχι~Ναι~0~Λίγο~Σπάνια~Όχι~Όχι~3~Δια ζώσης (On-Site)~Υβριδικό (Hybrid)~Πολύ (61 - 90 μέρες)~Πάρα πολλές φορες τον χρόνο~Μέτρια έντονο~Μέτρια σύνδεση~Λίγο ενδιαφέρον~4~5
18/06/2026 16:06:35~Γυναίκα~26-41~Δευτεροβάθμια Εκπαίδευση~Δουλεύω σε έναν εργοδότη~Τεχνολογία & Πληροφορική~Mid-level~Μικρομεσαία (11-250 άτομα)~5-Mar~3-5 έτη~4~4~3-5 έτη~Κάθε χρόνο~Κάθε 6 μήνες~Ναι~4~Όχι~Όχι~2~Πολύ~Μέτρια~Ναι~Ναι~3~Τηλεργασία (Remote)~Τηλεργασία (Remote)~Πολύ λίγο (1-15 μέρες)~Λίγες φορές τον χρόνο~Λίγο έντονο~Άμεση σύνδεση~Ενδιαφέρεται~3~2
18/06/2026 16:14:39~Άνδρας~18-25~Μεταπτυχιακό Δίπλωμα~Δουλεύω σε έναν εργοδότη~Τεχνολογία & Πληροφορική~Entry Level~Πολύ μικρή (έως 10 άτομα)~0-2~Λιγότερο από 1 έτος~5~4~3-5 έτη~Κάθε 3 μήνες~Δεν το σκέφτομαι~Ναι~4~Όχι~Όχι~2~Πάρα πολύ~Δεν το κάνω~Όχι~Όχι~3~Τηλεργασία (Remote)~Τηλεργασία (Remote)~Μέτρια (31 - 60 μέρες)~Μέτρια συχνότητα~Λίγο έντονο~Δέν ξέρω - Δεν απαντώ~Ενδιαφέρεται~4~2
18/06/2026 16:55:42~Άνδρας~26-41~Δευτεροβάθμια Εκπαίδευση~Δουλεύω σε έναν εργοδότη~Τεχνολογία & Πληροφορική~Senior~Μικρομεσαία (11-250 άτομα)~10-Jun~1-2 έτη~3~3~3-5 έτη~Κάθε 6 μήνες~Κάθε χρόνο~Ναι~5~Ναι~Ναι~2~Μέτρια~Συχνά~Ναι~Ναι~1~Υβριδικό (Hybrid)~Υβριδικό (Hybrid)~Πολύ λίγο (1-15 μέρες)~Μέτρια συχνότητα~Λίγο έντονο~Μέτρια σύνδεση~Λίγο ενδιαφέρον~2~5
18/06/2026 16:59:03~Γυναίκα~18-25~Πτυχίο ΑΕΙ-ΤΕΙ~Δουλεύω σε έναν εργοδότη~Τεχνολογία & Πληροφορική~Entry Level~Μικρομεσαία (11-250 άτομα)~0-2~Λιγότερο από 1 έτος~3~3~1-2 έτη~Κάθε χρόνο~Κάθε 3 μήνες~Ναι~5~Ναι~Ναι~1~Μέτρια~Συχνά~Ναι~Ναι~5~Υβριδικό (Hybrid)~Τηλεργασία (Remote)~Πολύ λίγο (1-15 μέρες)~Πάρα πολλές φορες τον χρόνο~Πολύ έντονο~Μέτρια σύνδεση~Λίγο ενδιαφέρον~4~5
18/06/2026 17:59:56~Άνδρας~26-41~Μεταπτυχιακό Δίπλωμα~Δουλεύω σε παραπάνω από έναν εργοδότη~Τεχνολογία & Πληροφορική, Ανθρώπινο Δυναμικό (HR)~Management~Πολύ μικρή (έως 10 άτομα)~20-Nov~3-5 έτη~3~2~3-5 έτη~Κάθε 3 μήνες~Κάθε χρόνο~Ναι~4~Όχι~Όχι~3+~Μέτρια~Πολύ σπάνια~Όχι~Όχι~5~Τηλεργασία (Remote)~Υβριδικό (Hybrid)~Πάρα πολύ (91+ μέρες)~Πάρα πολλές φορες τον χρόνο~Πάρα πολύ έντονο~Άμεση σύνδεση~Λίγο ενδιαφέρον~4~4
18/06/2026 18:15:30~Άνδρας~26-41~Μεταπτυχιακό Δίπλωμα~Δουλεύω σε έναν εργοδότη~Τεχνολογία & Πληροφορική~Mid-level~Μεγάλη - Πολυεθνική (250+ άτομα)~10-Jun~Λιγότερο από 1 έτος~1~1~1-2 έτη~Κάθε 6 μήνες~Κάθε εβδομάδα~Ναι~5~Όχι~Ναι~1~Καθόλου~Μέτρια~Ναι~Ναι~5~Υβριδικό (Hybrid)~Τηλεργασία (Remote)~Πάρα πολύ (91+ μέρες)~Πάρα πολλές φορες τον χρόνο~Πολύ έντονο~Μέτρια σύνδεση~Δεν ενδιαφέρεται~1~5
18/06/2026 18:25:52~Άνδρας~26-41~Δευτεροβάθμια Εκπαίδευση~Δουλεύω σε παραπάνω από έναν εργοδότη~Τεχνολογία & Πληροφορική~Mid-level~Μεγάλη - Πολυεθνική (250+ άτομα)~5-Mar~1-2 έτη~5~4~Πάνω από 5 έτη~Πολύ σπάνια~Δεν το σκέφτομαι~Ναι~4~Ναι~Όχι~3+~Πολύ~Δεν το κάνω~Όχι~Όχι~3~Τηλεργασία (Remote)~Τηλεργασία (Remote)~Πολύ (61 - 90 μέρες)~Πολύ λίγες φορές τον χρόνο~Καθόλου έντονο~Καμία σύνδεση μεταξύ τους~Μέτριο ενδιαφέρον~3~1
18/06/2026 18:28:39~Άνδρας~42-57~Μεταπτυχιακό Δίπλωμα~Δουλεύω σε έναν εργοδότη~Τεχνολογία & Πληροφορική~Mid-level~Μεγάλη - Πολυεθνική (250+ άτομα)~10-Jun~3-5 έτη~3~5~3-5 έτη~Κάθε 3 μήνες~Δεν το σκέφτομαι~Ναι~3~Όχι~Ναι~3+~Μέτρια~Πολύ σπάνια~Ναι~Ναι~5~Τηλεργασία (Remote)~Υβριδικό (Hybrid)~Πολύ λίγο (1-15 μέρες)~Μέτρια συχνότητα~Μέτρια έντονο~Άμεση σύνδεση~Μέτριο ενδιαφέρον~3~5
18/06/2026 19:00:10~Άνδρας~26-41~Πτυχίο ΑΕΙ-ΤΕΙ~Δουλεύω σε έναν εργοδότη~Τεχνολογία & Πληροφορική~Entry Level~Μικρομεσαία (11-250 άτομα)~0-2~1-2 έτη~3~2~3-5 έτη~Κάθε χρόνο~Κάθε 3 μήνες~Ναι~4~Όχι~Ναι~2~Λίγο~Μέτρια~Ναι~Ναι~4~Υβριδικό (Hybrid)~Υβριδικό (Hybrid)~Πολύ λίγο (1-15 μέρες)~Λίγες φορές τον χρόνο~Λίγο έντονο~Ελάχιστη σύνδεση~Δεν ενδιαφέρεται~2~5
18/06/2026 19:11:20~Άνδρας~42-57~Μεταπτυχιακό Δίπλωμα~Δουλεύω σε έναν εργοδότη~Τεχνολογία & Πληροφορική~Senior~Μεγάλη - Πολυεθνική (250+ άτομα)~20-Nov~Πάνω από 5 έτη~4~2~3-5 έτη~Πολύ σπάνια~Δεν το σκέφτομαι~Ναι~4~Όχι~Όχι~0~Λίγο~Δεν το κάνω~Όχι~Δεν ξέρω - Δεν απαντώ~3~Υβριδικό (Hybrid)~Υβριδικό (Hybrid)~Πολύ (61 - 90 μέρες)~Πολλές φορές τον χρόνο~Μέτρια έντονο~Καμία σύνδεση μεταξύ τους~Λίγο ενδιαφέρον~3~2
18/06/2026 20:16:40~Άνδρας~18-25~Μεταπτυχιακό Δίπλωμα~Δουλεύω σε έναν εργοδότη~Τεχνολογία & Πληροφορική~Mid-level~Μικρομεσαία (11-250 άτομα)~5-Mar~1-2 έτη~3~4~3-5 έτη~Κάθε 6 μήνες~Κάθε 3 μήνες~Ναι~4~Όχι~Όχι~1~Μέτρια~Σπάνια~Ναι~Ναι~5~Υβριδικό (Hybrid)~Υβριδικό (Hybrid)~Πολύ λίγο (1-15 μέρες)~Μέτρια συχνότητα~Μέτρια έντονο~Μέτρια σύνδεση~Λίγο ενδιαφέρον~2~3
18/06/2026 21:04:14~Άνδρας~26-41~Πτυχίο ΑΕΙ-ΤΕΙ~Δουλεύω σε έναν εργοδότη~Τεχνολογία & Πληροφορική~Mid-level~Μικρομεσαία (11-250 άτομα)~5-Mar~3-5 έτη~4~3~3-5 έτη~Πολύ σπάνια~Κάθε 6 μήνες~Ναι~4~Όχι~Ναι~0~Μέτρια~Μέτρια~Ναι~Όχι~1~Υβριδικό (Hybrid)~Υβριδικό (Hybrid)~Πολύ λίγο (1-15 μέρες)~Λίγες φορές τον χρόνο~Λίγο έντονο~Μέτρια σύνδεση~Ενδιαφέρεται~4~3
19/06/2026 00:07:46~Γυναίκα~18-25~Πτυχίο ΑΕΙ-ΤΕΙ~Δουλεύω σε έναν εργοδότη~Οικονομικά, Τράπεζες & Ασφάλειες~Entry Level~Μεγάλη - Πολυεθνική (250+ άτομα)~0-2~Λιγότερο από 1 έτος~3~1~3-5 έτη~Κάθε 6 μήνες~Κάθε εβδομάδα~Ναι~3~Όχι~Ναι~1~Λίγο~Μέτρια~Ναι~Όχι~2~Δια ζώσης (On-Site)~Υβριδικό (Hybrid)~Λίγο (16 - 30 μέρες)~Πολλές φορές τον χρόνο~Πολύ έντονο~Μέτρια σύνδεση~Λίγο ενδιαφέρον~3~4
19/06/2026 00:31:10~Άνδρας~26-41~Μεταπτυχιακό Δίπλωμα~Δουλεύω σε έναν εργοδότη~Τεχνολογία & Πληροφορική~Mid-level~Μικρομεσαία (11-250 άτομα)~10-Jun~Λιγότερο από 1 έτος~5~5~3-5 έτη~Κάθε χρόνο~Δεν το σκέφτομαι~Ναι~4~Όχι~Όχι~2~Πολύ~Σπάνια~Όχι~Όχι~1~Υβριδικό (Hybrid)~Υβριδικό (Hybrid)~Μέτρια (31 - 60 μέρες)~Μέτρια συχνότητα~Πολύ έντονο~Δέν ξέρω - Δεν απαντώ~Μέτριο ενδιαφέρον~4~1
19/06/2026 01:15:31~Άνδρας~18-25~Μεταπτυχιακό Δίπλωμα~Δουλεύω σε έναν εργοδότη~Τεχνολογία & Πληροφορική~Mid-level~Μικρομεσαία (11-250 άτομα)~0-2~Λιγότερο από 1 έτος~4~4~3-5 έτη~Πολύ σπάνια~Δεν το σκέφτομαι~Ναι~4~Όχι~Όχι~1~Πολύ~Σπάνια~Όχι~Όχι~3~Τηλεργασία (Remote)~Τηλεργασία (Remote)~Πολύ λίγο (1-15 μέρες)~Λίγες φορές τον χρόνο~Λίγο έντονο~Καμία σύνδεση μεταξύ τους~Λίγο ενδιαφέρον~2~3
19/06/2026 05:40:37~Άνδρας~42-57~Πτυχίο ΑΕΙ-ΤΕΙ~Δουλεύω σε έναν εργοδότη~Τεχνολογία & Πληροφορική~Senior~Μικρομεσαία (11-250 άτομα)~20+~3-5 έτη~3~4~3-5 έτη~Πολύ σπάνια~Κάθε 3 μήνες~Ναι~3~Όχι~Ναι~1~Μέτρια~Δεν το κάνω~Ναι~Όχι~4~Υβριδικό (Hybrid)~Υβριδικό (Hybrid)~Πάρα πολύ (91+ μέρες)~Πάρα πολλές φορες τον χρόνο~Πολύ έντονο~Άμεση σύνδεση~Μέτριο ενδιαφέρον~4~3
19/06/2026 10:06:41~Άνδρας~18-25~Πτυχίο ΑΕΙ-ΤΕΙ~Δουλεύω σε έναν εργοδότη~Τεχνολογία & Πληροφορική~Entry Level~Μεγάλη - Πολυεθνική (250+ άτομα)~0-2~1-2 έτη~4~4~1-2 έτη~Κάθε χρόνο~Κάθε χρόνο~Ναι~4~Όχι~Όχι~0~Μέτρια~Συχνά~Ναι~Δεν ξέρω - Δεν απαντώ~3~Τηλεργασία (Remote)~Τηλεργασία (Remote)~Πολύ λίγο (1-15 μέρες)~Μέτρια συχνότητα~Πολύ έντονο~Ελάχιστη σύνδεση~Λίγο ενδιαφέρον~4~3
19/06/2026 13:13:06~Άνδρας~26-41~Μεταπτυχιακό Δίπλωμα~Δουλεύω σε έναν εργοδότη~Τεχνολογία & Πληροφορική~Mid-level~Μεγάλη - Πολυεθνική (250+ άτομα)~5-Mar~3-5 έτη~2~4~3-5 έτη~Κάθε χρόνο~Κάθε χρόνο~Ναι~5~Όχι~Όχι~0~Πολύ~Συχνά~Ναι~Όχι~4~Δια ζώσης (On-Site)~Υβριδικό (Hybrid)~Πολύ λίγο (1-15 μέρες)~Πάρα πολλές φορες τον χρόνο~Πολύ έντονο~Μέτρια σύνδεση~Δεν ενδιαφέρεται~4~1
19/06/2026 13:45:13~Γυναίκα~18-25~Πτυχίο ΑΕΙ-ΤΕΙ~Δουλεύω σε έναν εργοδότη~Τεχνολογία & Πληροφορική, Ενέργεια~Entry Level~Μεγάλη - Πολυεθνική (250+ άτομα)~0-2~1-2 έτη~3~4~3-5 έτη~Πολύ σπάνια~Κάθε 6 μήνες~Ναι~3~Όχι~Ναι~0~Μέτρια~Μέτρια~Ναι~Όχι~5~Δια ζώσης (On-Site)~Υβριδικό (Hybrid)~Πολύ λίγο (1-15 μέρες)~Πολλές φορές τον χρόνο~Λίγο έντονο~Ελάχιστη σύνδεση~Δεν ενδιαφέρεται~3~5
19/06/2026 15:59:45~Άνδρας~26-41~Πτυχίο ΑΕΙ-ΤΕΙ~Δουλεύω σε έναν εργοδότη~Οικονομικά, Τράπεζες & Ασφάλειες~Mid-level~Πολύ μικρή (έως 10 άτομα)~10-Jun~1-2 έτη~4~4~Πάνω από 5 έτη~Πολύ σπάνια~Δεν το σκέφτομαι~Ναι~3~Όχι~Όχι~3+~Πολύ~Συχνά~Ναι~Ναι~4~Δια ζώσης (On-Site)~Τηλεργασία (Remote)~Πολύ λίγο (1-15 μέρες)~Πολλές φορές τον χρόνο~Καθόλου έντονο~Ελάχιστη σύνδεση~Λίγο ενδιαφέρον~2~5
19/06/2026 18:50:30~Γυναίκα~26-41~Πτυχίο ΑΕΙ-ΤΕΙ~Δουλεύω σε έναν εργοδότη~Τεχνολογία & Πληροφορική~Mid-level~Μεγάλη - Πολυεθνική (250+ άτομα)~10-Jun~3-5 έτη~4~2~3-5 έτη~Κάθε 3 μήνες~Κάθε εβδομάδα~Ναι~4~Όχι~Ναι~0~Μέτρια~Συχνά~Όχι~Όχι~4~Υβριδικό (Hybrid)~Τηλεργασία (Remote)~Μέτρια (31 - 60 μέρες)~Πολλές φορές τον χρόνο~Λίγο έντονο~Μέτρια σύνδεση~Δεν ενδιαφέρεται~4~5
20/06/2026 12:21:06~Άλλο~26-41~Πτυχίο ΑΕΙ-ΤΕΙ~Δουλεύω σε έναν εργοδότη~Τεχνολογία & Πληροφορική~Senior~Μικρομεσαία (11-250 άτομα)~20-Nov~1-2 έτη~4~5~3-5 έτη~Κάθε 3 μήνες~Κάθε χρόνο~Ναι~4~Όχι~Όχι~2~Πολύ~Πολύ σπάνια~Όχι~Ναι~4~Τηλεργασία (Remote)~Τηλεργασία (Remote)~Πολύ λίγο (1-15 μέρες)~Μέτρια συχνότητα~Μέτρια έντονο~Καμία σύνδεση μεταξύ τους~Λίγο ενδιαφέρον~4~3
21/06/2026 10:41:12~Άνδρας~42-57~Πτυχίο ΑΕΙ-ΤΕΙ~Δουλεύω σε παραπάνω από έναν εργοδότη~Οικονομικά, Τράπεζες & Ασφάλειες, ΦΙΛΟΞΕΝΕΙΑ/ΤΟΥΡΙΣΜΟΣ~Management~Πολύ μικρή (έως 10 άτομα)~5-Mar~3-5 έτη~5~3~3-5 έτη~Κάθε 3 μήνες~Κάθε 3 μήνες~Ναι~2~Όχι~Ναι~0~Μέτρια~Δεν το κάνω~Ναι~Ναι~5~Δια ζώσης (On-Site)~Υβριδικό (Hybrid)~Λίγο (16 - 30 μέρες)~Μέτρια συχνότητα~Μέτρια έντονο~Μέτρια σύνδεση~Πολύ ενδιαφέρον~4~4
22/06/2026 12:29:16~Άνδρας~26-41~Πτυχίο ΑΕΙ-ΤΕΙ~Δουλεύω σε έναν εργοδότη~Οικονομικά, Τράπεζες & Ασφάλειες~Senior~Μικρομεσαία (11-250 άτομα)~10-Jun~Πάνω από 5 έτη~4~3~1-2 έτη~Πολύ σπάνια~Κάθε 3 μήνες~Ναι~4~Όχι~Ναι~0~Λίγο~Μέτρια~Ναι~Όχι~4~Δια ζώσης (On-Site)~Υβριδικό (Hybrid)~Λίγο (16 - 30 μέρες)~Μέτρια συχνότητα~Λίγο έντονο~Ελάχιστη σύνδεση~Λίγο ενδιαφέρον~3~3
22/06/2026 23:41:46~Άνδρας~26-41~Μεταπτυχιακό Δίπλωμα~Δουλεύω σε έναν εργοδότη~Οικονομικά, Τράπεζες & Ασφάλειες~Mid-level~Μεγάλη - Πολυεθνική (250+ άτομα)~5-Mar~1-2 έτη~2~2~1-2 έτη~Κάθε εβδομάδα ή πιο συχνά~Κάθε εβδομάδα~Ναι~2~Όχι~Ναι~2~Μέτρια~Σπάνια~Ναι~Όχι~2~Υβριδικό (Hybrid)~Υβριδικό (Hybrid)~Πάρα πολύ (91+ μέρες)~Πολλές φορές τον χρόνο~Λίγο έντονο~Άμεση σύνδεση~Δεν ενδιαφέρεται~2~5
